log_h,log_rel_error,l2norm,time_used,logTimeUsed
-1.041392685158225, -1.179697782181124, 12.00000000000000, 1.500000000000000E-05, -4.823908740944319
-2.004321373782643, -3.088036831552412, 102.0005882335980, 0.001051000000000000, -2.978397283971758
